pacman,ghosts,food,capsules,walls,noup,map,ghost_map,iteration
"(2, 5)","[(3, 1)]","[(1, 1), (3, 3)]",[],"[(0, 0), (0, 1), (0, 2), (0, 3), (0, 4), (0, 5), (0, 6), (1, 0), (1, 6), (2, 0), (2, 2), (2, 3), (2, 4), (2, 6), (3, 0), (3, 2), (3, 4), (3, 6), (4, 0), (4, 2), (4, 4), (4, 6), (5, 0), (5, 6), (6, 0), (6, 1), (6, 2), (6, 3), (6, 4), (6, 5), (6, 6)]","set([(1, 1), (3, 3)])","{(1, 3): 0, (6, 6): -5, (5, 6): -5, (5, 4): 0, (2, 1): 0, (0, 0): -5, (1, 6): -5, (5, 1): 0, (0, 3): -5, (2, 5): 0, (4, 0): -5, (1, 2): 0, (3, 1): -100, (3, 3): 5, (0, 6): -5, (4, 4): -5, (6, 3): -5, (3, 0): -5, (5, 0): -5, (0, 4): -5, (5, 3): 0, (4, 1): 0, (1, 1): 5, (6, 4): -5, (3, 2): -5, (2, 6): -5, (3, 6): -5, (4, 5): 0, (2, 2): -5, (6, 0): -5, (1, 4): 0, (5, 5): 0, (0, 5): -5, (4, 2): -5, (1, 0): -5, (6, 5): -5, (3, 5): 0, (0, 1): -5, (4, 6): -5, (5, 2): 0, (6, 1): -5, (1, 5): 0, (0, 2): -5, (2, 0): -5, (6, 2): -5, (4, 3): 0, (2, 3): -5, (3, 4): -5, (2, 4): -5}","{(1, 3): 0, (6, 6): -5, (5, 6): -5, (5, 4): 0, (2, 1): -52, (0, 0): -5, (1, 6): -5, (5, 1): 0, (0, 3): -5, (2, 5): 0, (4, 0): -5, (1, 2): 0, (3, 1): -100, (3, 3): 5, (0, 6): -5, (4, 4): -5, (6, 3): -5, (3, 0): -5, (5, 0): -5, (0, 4): -5, (5, 3): 0, (4, 1): -52, (1, 1): 5, (6, 4): -5, (3, 2): -5, (2, 6): -5, (3, 6): -5, (4, 5): 0, (2, 2): -5, (6, 0): -5, (1, 4): 0, (5, 5): 0, (0, 5): -5, (4, 2): -5, (1, 0): -5, (6, 5): -5, (3, 5): 0, (0, 1): -5, (4, 6): -5, (5, 2): 0, (6, 1): -5, (1, 5): 0, (0, 2): -5, (2, 0): -5, (6, 2): -5, (4, 3): 0, (2, 3): -5, (3, 4): -5, (2, 4): -5}","{(1, 3): 0.11813452744907771, (6, 6): -5, (5, 6): -5, (5, 4): -1.4563739275530745, (2, 1): -7.380952380952387, (0, 0): -5, (1, 6): -5, (5, 1): -3.4654384728666923, (0, 3): -5, (2, 5): -3.116901415960428, (4, 0): -5, (1, 2): 2.15410805380288, (3, 1): -100, (3, 3): 5, (0, 6): -5, (4, 4): -5, (6, 3): -5, (3, 0): -5, (5, 0): -5, (0, 4): -5, (5, 3): -0.046907391171626234, (4, 1): -13.024577881050277, (1, 1): 5, (6, 4): -5, (3, 2): -5, (2, 6): -5, (3, 6): -5, (4, 5): -3.1729156670043035, (2, 2): -5, (6, 0): -5, (1, 4): -1.3383439350973805, (5, 5): -2.4635745802310316, (0, 5): -5, (4, 2): -5, (1, 0): -5, (6, 5): -5, (3, 5): -3.570592872739826, (0, 1): -5, (4, 6): -5, (5, 2): -1.5517895264707864, (6, 1): -5, (1, 5): -2.37955320393869, (0, 2): -5, (2, 0): -5, (6, 2): -5, (4, 3): 2.1383897742760305, (2, 3): -5, (3, 4): -5, (2, 4): -5}"
"(1, 5)","[(4.0, 1.0)]","[(1, 1), (3, 3)]",[],"[(0, 0), (0, 1), (0, 2), (0, 3), (0, 4), (0, 5), (0, 6), (1, 0), (1, 6), (2, 0), (2, 2), (2, 3), (2, 4), (2, 6), (3, 0), (3, 2), (3, 4), (3, 6), (4, 0), (4, 2), (4, 4), (4, 6), (5, 0), (5, 6), (6, 0), (6, 1), (6, 2), (6, 3), (6, 4), (6, 5), (6, 6)]","set([(1, 1), (3, 3)])","{(1, 3): 0, (6, 6): -5, (5, 6): -5, (5, 4): 0, (2, 1): 0, (0, 0): -5, (1, 6): -5, (5, 1): 0, (0, 3): -5, (2, 5): 0, (4, 0): -5, (1, 2): 0, (3, 1): 0, (3, 3): 5, (0, 6): -5, (4, 4): -5, (6, 3): -5, (3, 0): -5, (5, 0): -5, (0, 4): -5, (5, 3): 0, (4, 1): -100, (1, 1): 5, (6, 4): -5, (3, 2): -5, (2, 6): -5, (3, 6): -5, (4, 5): 0, (2, 2): -5, (6, 0): -5, (1, 4): 0, (5, 5): 0, (0, 5): -5, (4, 2): -5, (1, 0): -5, (6, 5): -5, (3, 5): 0, (0, 1): -5, (4, 6): -5, (5, 2): 0, (6, 1): -5, (1, 5): 0, (0, 2): -5, (2, 0): -5, (6, 2): -5, (4, 3): 0, (2, 3): -5, (3, 4): -5, (2, 4): -5}","{(1, 3): 0, (6, 6): -5, (5, 6): -5, (5, 4): 0, (2, 1): 0, (0, 0): -5, (1, 6): -5, (5, 1): -52, (0, 3): -5, (2, 5): 0, (4, 0): -5, (1, 2): 0, (3, 1): -52, (3, 3): 5, (0, 6): -5, (4, 4): -5, (6, 3): -5, (3, 0): -5, (5, 0): -5, (0, 4): -5, (5, 3): 0, (4, 1): -100, (1, 1): 5, (6, 4): -5, (3, 2): -5, (2, 6): -5, (3, 6): -5, (4, 5): 0, (2, 2): -5, (6, 0): -5, (1, 4): 0, (5, 5): 0, (0, 5): -5, (4, 2): -5, (1, 0): -5, (6, 5): -5, (3, 5): 0, (0, 1): -5, (4, 6): -5, (5, 2): -52, (6, 1): -5, (1, 5): 0, (0, 2): -5, (2, 0): -5, (6, 2): -5, (4, 3): 0, (2, 3): -5, (3, 4): -5, (2, 4): -5}","{(1, 3): 0.11813418438167211, (6, 6): -5, (5, 6): -5, (5, 4): -1.5204222612871408, (2, 1): 1.198547215413135, (0, 0): -5, (1, 6): -5, (5, 1): -12.352897385804008, (0, 3): -5, (2, 5): -3.1172222775155753, (4, 0): -5, (1, 2): 2.154108020736715, (3, 1): -9.915254237402557, (3, 3): 5, (0, 6): -5, (4, 4): -5, (6, 3): -5, (3, 0): -5, (5, 0): -5, (0, 4): -5, (5, 3): -0.1364621283563655, (4, 1): -100, (1, 1): 5, (6, 4): -5, (3, 2): -5, (2, 6): -5, (3, 6): -5, (4, 5): -3.203630829354247, (2, 2): -5, (6, 0): -5, (1, 4): -1.338347291855888, (5, 5): -2.5091987374086537, (0, 5): -5, (4, 2): -5, (1, 0): -5, (6, 5): -5, (3, 5): -3.5737320720304924, (0, 1): -5, (4, 6): -5, (5, 2): -2.457917387319628, (6, 1): -5, (1, 5): -2.3795860092142167, (0, 2): -5, (2, 0): -5, (6, 2): -5, (4, 3): 2.129860746470339, (2, 3): -5, (3, 4): -5, (2, 4): -5}"
"(1, 4)","[(5.0, 1.0)]","[(1, 1), (3, 3)]",[],"[(0, 0), (0, 1), (0, 2), (0, 3), (0, 4), (0, 5), (0, 6), (1, 0), (1, 6), (2, 0), (2, 2), (2, 3), (2, 4), (2, 6), (3, 0), (3, 2), (3, 4), (3, 6), (4, 0), (4, 2), (4, 4), (4, 6), (5, 0), (5, 6), (6, 0), (6, 1), (6, 2), (6, 3), (6, 4), (6, 5), (6, 6)]","set([(1, 1), (3, 3)])","{(1, 3): 0, (6, 6): -5, (5, 6): -5, (5, 4): 0, (2, 1): 0, (0, 0): -5, (1, 6): -5, (5, 1): -100, (0, 3): -5, (2, 5): 0, (4, 0): -5, (1, 2): 0, (3, 1): 0, (3, 3): 5, (0, 6): -5, (4, 4): -5, (6, 3): -5, (3, 0): -5, (5, 0): -5, (0, 4): -5, (5, 3): 0, (4, 1): 0, (1, 1): 5, (6, 4): -5, (3, 2): -5, (2, 6): -5, (3, 6): -5, (4, 5): 0, (2, 2): -5, (6, 0): -5, (1, 4): 0, (5, 5): 0, (0, 5): -5, (4, 2): -5, (1, 0): -5, (6, 5): -5, (3, 5): 0, (0, 1): -5, (4, 6): -5, (5, 2): 0, (6, 1): -5, (1, 5): 0, (0, 2): -5, (2, 0): -5, (6, 2): -5, (4, 3): 0, (2, 3): -5, (3, 4): -5, (2, 4): -5}","{(1, 3): 0, (6, 6): -5, (5, 6): -5, (5, 4): 0, (2, 1): 0, (0, 0): -5, (1, 6): -5, (5, 1): -100, (0, 3): -5, (2, 5): 0, (4, 0): -5, (1, 2): 0, (3, 1): 0, (3, 3): 5, (0, 6): -5, (4, 4): -5, (6, 3): -5, (3, 0): -5, (5, 0): -5, (0, 4): -5, (5, 3): 0, (4, 1): -52, (1, 1): 5, (6, 4): -5, (3, 2): -5, (2, 6): -5, (3, 6): -5, (4, 5): 0, (2, 2): -5, (6, 0): -5, (1, 4): 0, (5, 5): 0, (0, 5): -5, (4, 2): -5, (1, 0): -5, (6, 5): -5, (3, 5): 0, (0, 1): -5, (4, 6): -5, (5, 2): -52, (6, 1): -5, (1, 5): 0, (0, 2): -5, (2, 0): -5, (6, 2): -5, (4, 3): 0, (2, 3): -5, (3, 4): -5, (2, 4): -5}","{(1, 3): 0.11813082798647656, (6, 6): -5, (5, 6): -5, (5, 4): -2.152059207783028, (2, 1): 2.0575139129990485, (0, 0): -5, (1, 6): -5, (5, 1): -100, (0, 3): -5, (2, 5): -3.1203861483889783, (4, 0): -5, (1, 2): 2.154107701595147, (3, 1): -0.8961038996812661, (3, 3): 5, (0, 6): -5, (4, 4): -5, (6, 3): -5, (3, 0): -5, (5, 0): -5, (0, 4): -5, (5, 3): -1.0196404788731672, (4, 1): -11.311688315548295, (1, 1): 5, (6, 4): -5, (3, 2): -5, (2, 6): -5, (3, 6): -5, (4, 5): -3.5065388626085916, (2, 2): -5, (6, 0): -5, (1, 4): -1.3383803179139602, (5, 5): -2.959138404784627, (0, 5): -5, (4, 2): -5, (1, 0): -5, (6, 5): -5, (3, 5): -3.6046896627449394, (0, 1): -5, (4, 6): -5, (5, 2): -11.394046022254452, (6, 1): -5, (1, 5): -2.3799093366674677, (0, 2): -5, (2, 0): -5, (6, 2): -5, (4, 3): 2.045748527433038, (2, 3): -5, (3, 4): -5, (2, 4): -5}"
"(1, 3)","[(5.0, 2.0)]","[(1, 1), (3, 3)]",[],"[(0, 0), (0, 1), (0, 2), (0, 3), (0, 4), (0, 5), (0, 6), (1, 0), (1, 6), (2, 0), (2, 2), (2, 3), (2, 4), (2, 6), (3, 0), (3, 2), (3, 4), (3, 6), (4, 0), (4, 2), (4, 4), (4, 6), (5, 0), (5, 6), (6, 0), (6, 1), (6, 2), (6, 3), (6, 4), (6, 5), (6, 6)]","set([(1, 1), (3, 3)])","{(1, 3): 0, (6, 6): -5, (5, 6): -5, (5, 4): 0, (2, 1): 0, (0, 0): -5, (1, 6): -5, (5, 1): 0, (0, 3): -5, (2, 5): 0, (4, 0): -5, (1, 2): 0, (3, 1): 0, (3, 3): 5, (0, 6): -5, (4, 4): -5, (6, 3): -5, (3, 0): -5, (5, 0): -5, (0, 4): -5, (5, 3): 0, (4, 1): 0, (1, 1): 5, (6, 4): -5, (3, 2): -5, (2, 6): -5, (3, 6): -5, (4, 5): 0, (2, 2): -5, (6, 0): -5, (1, 4): 0, (5, 5): 0, (0, 5): -5, (4, 2): -5, (1, 0): -5, (6, 5): -5, (3, 5): 0, (0, 1): -5, (4, 6): -5, (5, 2): -100, (6, 1): -5, (1, 5): 0, (0, 2): -5, (2, 0): -5, (6, 2): -5, (4, 3): 0, (2, 3): -5, (3, 4): -5, (2, 4): -5}","{(1, 3): 0, (6, 6): -5, (5, 6): -5, (5, 4): 0, (2, 1): 0, (0, 0): -5, (1, 6): -5, (5, 1): -52, (0, 3): -5, (2, 5): 0, (4, 0): -5, (1, 2): 0, (3, 1): 0, (3, 3): 5, (0, 6): -5, (4, 4): -5, (6, 3): -5, (3, 0): -5, (5, 0): -5, (0, 4): -5, (5, 3): -52, (4, 1): -52, (1, 1): 5, (6, 4): -5, (3, 2): -5, (2, 6): -5, (3, 6): -5, (4, 5): 0, (2, 2): -5, (6, 0): -5, (1, 4): 0, (5, 5): 0, (0, 5): -5, (4, 2): -5, (1, 0): -5, (6, 5): -5, (3, 5): 0, (0, 1): -5, (4, 6): -5, (5, 2): -100, (6, 1): -5, (1, 5): 0, (0, 2): -5, (2, 0): -5, (6, 2): -5, (4, 3): -52, (2, 3): -5, (3, 4): -5, (2, 4): -5}","{(1, 3): 0.11812485628806324, (6, 6): -5, (5, 6): -5, (5, 4): -5.000969627453113, (2, 1): 2.144310792028412, (0, 0): -5, (1, 6): -5, (5, 1): -12.280891973748997, (0, 3): -5, (2, 5): -3.126020550623032, (4, 0): -5, (1, 2): 2.1541071347028664, (3, 1): 0.015263424927325131, (3, 3): 5, (0, 6): -5, (4, 4): -5, (6, 3): -5, (3, 0): -5, (5, 0): -5, (0, 4): -5, (5, 3): -9.461627524751462, (4, 1): -2.349909361308395, (1, 1): 5, (6, 4): -5, (3, 2): -5, (2, 6): -5, (3, 6): -5, (4, 5): -4.045983626408605, (2, 2): -5, (6, 0): -5, (1, 4): -1.3384391171420147, (5, 5): -4.364081186929978, (0, 5): -5, (4, 2): -5, (1, 0): -5, (6, 5): -5, (3, 5): -3.6598214478719386, (0, 1): -5, (4, 6): -5, (5, 2): -100, (6, 1): -5, (1, 5): -2.3804851047661613, (0, 2): -5, (2, 0): -5, (6, 2): -5, (4, 3): 1.2417498984474853, (2, 3): -5, (3, 4): -5, (2, 4): -5}"
"(1, 2)","[(5.0, 3.0)]","[(1, 1), (3, 3)]",[],"[(0, 0), (0, 1), (0, 2), (0, 3), (0, 4), (0, 5), (0, 6), (1, 0), (1, 6), (2, 0), (2, 2), (2, 3), (2, 4), (2, 6), (3, 0), (3, 2), (3, 4), (3, 6), (4, 0), (4, 2), (4, 4), (4, 6), (5, 0), (5, 6), (6, 0), (6, 1), (6, 2), (6, 3), (6, 4), (6, 5), (6, 6)]","set([(1, 1), (3, 3)])","{(1, 3): 0, (6, 6): -5, (5, 6): -5, (5, 4): 0, (2, 1): 0, (0, 0): -5, (1, 6): -5, (5, 1): 0, (0, 3): -5, (2, 5): 0, (4, 0): -5, (1, 2): 0, (3, 1): 0, (3, 3): 5, (0, 6): -5, (4, 4): -5, (6, 3): -5, (3, 0): -5, (5, 0): -5, (0, 4): -5, (5, 3): -100, (4, 1): 0, (1, 1): 5, (6, 4): -5, (3, 2): -5, (2, 6): -5, (3, 6): -5, (4, 5): 0, (2, 2): -5, (6, 0): -5, (1, 4): 0, (5, 5): 0, (0, 5): -5, (4, 2): -5, (1, 0): -5, (6, 5): -5, (3, 5): 0, (0, 1): -5, (4, 6): -5, (5, 2): 0, (6, 1): -5, (1, 5): 0, (0, 2): -5, (2, 0): -5, (6, 2): -5, (4, 3): 0, (2, 3): -5, (3, 4): -5, (2, 4): -5}","{(1, 3): 0, (6, 6): -5, (5, 6): -5, (5, 4): -52, (2, 1): 0, (0, 0): -5, (1, 6): -5, (5, 1): 0, (0, 3): -5, (2, 5): 0, (4, 0): -5, (1, 2): 0, (3, 1): 0, (3, 3): 5, (0, 6): -5, (4, 4): -5, (6, 3): -5, (3, 0): -5, (5, 0): -5, (0, 4): -5, (5, 3): -100, (4, 1): 0, (1, 1): 5, (6, 4): -5, (3, 2): -5, (2, 6): -5, (3, 6): -5, (4, 5): 0, (2, 2): -5, (6, 0): -5, (1, 4): 0, (5, 5): 0, (0, 5): -5, (4, 2): -5, (1, 0): -5, (6, 5): -5, (3, 5): 0, (0, 1): -5, (4, 6): -5, (5, 2): -52, (6, 1): -5, (1, 5): 0, (0, 2): -5, (2, 0): -5, (6, 2): -5, (4, 3): -52, (2, 3): -5, (3, 4): -5, (2, 4): -5}","{(1, 3): 0.11812378090408315, (6, 6): -5, (5, 6): -5, (5, 4): -14.254130334296304, (2, 1): 2.1531114434980796, (0, 0): -5, (1, 6): -5, (5, 1): -3.386744550621788, (0, 3): -5, (2, 5): -3.127030127663723, (4, 0): -5, (1, 2): 2.154107031698338, (3, 1): 0.107670178544226, (3, 3): 5, (0, 6): -5, (4, 4): -5, (6, 3): -5, (3, 0): -5, (5, 0): -5, (0, 4): -5, (5, 3): -100, (4, 1): -1.4412431795276779, (1, 1): 5, (6, 4): -5, (3, 2): -5, (2, 6): -5, (3, 6): -5, (4, 5): -4.142634444015199, (2, 2): -5, (6, 0): -5, (1, 4): -1.3384496673750228, (5, 5): -5.309768521745151, (0, 5): -5, (4, 2): -5, (1, 0): -5, (6, 5): -5, (3, 5): -3.6696993824909967, (0, 1): -5, (4, 6): -5, (5, 2): -12.972115421078517, (6, 1): -5, (1, 5): -2.380588300379567, (0, 2): -5, (2, 0): -5, (6, 2): -5, (4, 3): -7.380952380952387, (2, 3): -5, (3, 4): -5, (2, 4): -5}"
"(1, 1)","[(5.0, 4.0)]","[(3, 3)]",[],"[(0, 0), (0, 1), (0, 2), (0, 3), (0, 4), (0, 5), (0, 6), (1, 0), (1, 6), (2, 0), (2, 2), (2, 3), (2, 4), (2, 6), (3, 0), (3, 2), (3, 4), (3, 6), (4, 0), (4, 2), (4, 4), (4, 6), (5, 0), (5, 6), (6, 0), (6, 1), (6, 2), (6, 3), (6, 4), (6, 5), (6, 6)]","set([(1, 1), (3, 3)])","{(1, 3): 0, (6, 6): -5, (5, 6): -5, (5, 4): -100, (2, 1): 0, (0, 0): -5, (1, 6): -5, (5, 1): 0, (0, 3): -5, (2, 5): 0, (4, 0): -5, (1, 2): 0, (3, 1): 0, (3, 3): 5, (0, 6): -5, (4, 4): -5, (6, 3): -5, (3, 0): -5, (5, 0): -5, (0, 4): -5, (5, 3): 0, (4, 1): 0, (1, 1): 0, (6, 4): -5, (3, 2): -5, (2, 6): -5, (3, 6): -5, (4, 5): 0, (2, 2): -5, (6, 0): -5, (1, 4): 0, (5, 5): 0, (0, 5): -5, (4, 2): -5, (1, 0): -5, (6, 5): -5, (3, 5): 0, (0, 1): -5, (4, 6): -5, (5, 2): 0, (6, 1): -5, (1, 5): 0, (0, 2): -5, (2, 0): -5, (6, 2): -5, (4, 3): 0, (2, 3): -5, (3, 4): -5, (2, 4): -5}","{(1, 3): 0, (6, 6): -5, (5, 6): -5, (5, 4): -100, (2, 1): 0, (0, 0): -5, (1, 6): -5, (5, 1): 0, (0, 3): -5, (2, 5): 0, (4, 0): -5, (1, 2): 0, (3, 1): 0, (3, 3): 5, (0, 6): -5, (4, 4): -5, (6, 3): -5, (3, 0): -5, (5, 0): -5, (0, 4): -5, (5, 3): -52, (4, 1): 0, (1, 1): 0, (6, 4): -5, (3, 2): -5, (2, 6): -5, (3, 6): -5, (4, 5): -52, (2, 2): -5, (6, 0): -5, (1, 4): 0, (5, 5): -52, (0, 5): -5, (4, 2): -5, (1, 0): -5, (6, 5): -5, (3, 5): 0, (0, 1): -5, (4, 6): -5, (5, 2): 0, (6, 1): -5, (1, 5): 0, (0, 2): -5, (2, 0): -5, (6, 2): -5, (4, 3): -52, (2, 3): -5, (3, 4): -5, (2, 4): -5}","{(1, 3): -2.44094852711711, (6, 6): -5, (5, 6): -5, (5, 4): -100, (2, 1): -1.422999066072591, (0, 0): -5, (1, 6): -5, (5, 1): -3.7434401379057807, (0, 3): -5, (2, 5): -4.073374507264672, (4, 0): -5, (1, 2): -1.4229474645369091, (3, 1): -2.441490262179739, (3, 3): 5, (0, 6): -5, (4, 4): -5, (6, 3): -5, (3, 0): -5, (5, 0): -5, (0, 4): -5, (5, 3): -9.42309605673229, (4, 1): -3.1746544482378822, (1, 1): 0, (6, 4): -5, (3, 2): -5, (2, 6): -5, (3, 6): -5, (4, 5): -5.515275781746712, (2, 2): -5, (6, 0): -5, (1, 4): -3.16932766739101, (5, 5): -14.391136042441302, (0, 5): -5, (4, 2): -5, (1, 0): -5, (6, 5): -5, (3, 5): -4.431323275695995, (0, 1): -5, (4, 6): -5, (5, 2): -4.583540646112917, (6, 1): -5, (1, 5): -3.6913016001205743, (0, 2): -5, (2, 0): -5, (6, 2): -5, (4, 3): 1.2454194255534907, (2, 3): -5, (3, 4): -5, (2, 4): -5}"
"(1, 1)","[(5.0, 5.0)]","[(3, 3)]",[],"[(0, 0), (0, 1), (0, 2), (0, 3), (0, 4), (0, 5), (0, 6), (1, 0), (1, 6), (2, 0), (2, 2), (2, 3), (2, 4), (2, 6), (3, 0), (3, 2), (3, 4), (3, 6), (4, 0), (4, 2), (4, 4), (4, 6), (5, 0), (5, 6), (6, 0), (6, 1), (6, 2), (6, 3), (6, 4), (6, 5), (6, 6)]","set([(1, 1), (3, 3)])","{(1, 3): 0, (6, 6): -5, (5, 6): -5, (5, 4): 0, (2, 1): 0, (0, 0): -5, (1, 6): -5, (5, 1): 0, (0, 3): -5, (2, 5): 0, (4, 0): -5, (1, 2): 0, (3, 1): 0, (3, 3): 5, (0, 6): -5, (4, 4): -5, (6, 3): -5, (3, 0): -5, (5, 0): -5, (0, 4): -5, (5, 3): 0, (4, 1): 0, (1, 1): 0, (6, 4): -5, (3, 2): -5, (2, 6): -5, (3, 6): -5, (4, 5): 0, (2, 2): -5, (6, 0): -5, (1, 4): 0, (5, 5): -100, (0, 5): -5, (4, 2): -5, (1, 0): -5, (6, 5): -5, (3, 5): 0, (0, 1): -5, (4, 6): -5, (5, 2): 0, (6, 1): -5, (1, 5): 0, (0, 2): -5, (2, 0): -5, (6, 2): -5, (4, 3): 0, (2, 3): -5, (3, 4): -5, (2, 4): -5}","{(1, 3): 0, (6, 6): -5, (5, 6): -5, (5, 4): -52, (2, 1): 0, (0, 0): -5, (1, 6): -5, (5, 1): 0, (0, 3): -5, (2, 5): 0, (4, 0): -5, (1, 2): 0, (3, 1): 0, (3, 3): 5, (0, 6): -5, (4, 4): -5, (6, 3): -5, (3, 0): -5, (5, 0): -5, (0, 4): -5, (5, 3): 0, (4, 1): 0, (1, 1): 0, (6, 4): -5, (3, 2): -5, (2, 6): -5, (3, 6): -5, (4, 5): -52, (2, 2): -5, (6, 0): -5, (1, 4): 0, (5, 5): -100, (0, 5): -5, (4, 2): -5, (1, 0): -5, (6, 5): -5, (3, 5): 0, (0, 1): -5, (4, 6): -5, (5, 2): 0, (6, 1): -5, (1, 5): 0, (0, 2): -5, (2, 0): -5, (6, 2): -5, (4, 3): 0, (2, 3): -5, (3, 4): -5, (2, 4): -5}","{(1, 3): -2.44104556201933, (6, 6): -5, (5, 6): -5, (5, 4): -11.393761713212989, (2, 1): -1.4221809447166833, (0, 0): -5, (1, 6): -5, (5, 1): -2.9165946224575316, (0, 3): -5, (2, 5): -4.164762723921466, (4, 0): -5, (1, 2): -1.42295670543379, (3, 1): -2.4328997485239237, (3, 3): 5, (0, 6): -5, (4, 4): -5, (6, 3): -5, (3, 0): -5, (5, 0): -5, (0, 4): -5, (5, 3): -1.0192139922896881, (4, 1): -3.09018033840963, (1, 1): 0, (6, 4): -5, (3, 2): -5, (2, 6): -5, (3, 6): -5, (4, 5): -14.264632867410171, (2, 2): -5, (6, 0): -5, (1, 4): -3.170281858609645, (5, 5): -100, (0, 5): -5, (4, 2): -5, (1, 0): -5, (6, 5): -5, (3, 5): -5.3255209270907, (0, 1): -5, (4, 6): -5, (5, 2): -2.147723134796018, (6, 1): -5, (1, 5): -3.7006413711657418, (0, 2): -5, (2, 0): -5, (6, 2): -5, (4, 3): 2.0457891399597825, (2, 3): -5, (3, 4): -5, (2, 4): -5}"
"(1, 1)","[(4.0, 5.0)]","[(3, 3)]",[],"[(0, 0), (0, 1), (0, 2), (0, 3), (0, 4), (0, 5), (0, 6), (1, 0), (1, 6), (2, 0), (2, 2), (2, 3), (2, 4), (2, 6), (3, 0), (3, 2), (3, 4), (3, 6), (4, 0), (4, 2), (4, 4), (4, 6), (5, 0), (5, 6), (6, 0), (6, 1), (6, 2), (6, 3), (6, 4), (6, 5), (6, 6)]","set([(1, 1), (3, 3)])","{(1, 3): 0, (6, 6): -5, (5, 6): -5, (5, 4): 0, (2, 1): 0, (0, 0): -5, (1, 6): -5, (5, 1): 0, (0, 3): -5, (2, 5): 0, (4, 0): -5, (1, 2): 0, (3, 1): 0, (3, 3): 5, (0, 6): -5, (4, 4): -5, (6, 3): -5, (3, 0): -5, (5, 0): -5, (0, 4): -5, (5, 3): 0, (4, 1): 0, (1, 1): 0, (6, 4): -5, (3, 2): -5, (2, 6): -5, (3, 6): -5, (4, 5): -100, (2, 2): -5, (6, 0): -5, (1, 4): 0, (5, 5): 0, (0, 5): -5, (4, 2): -5, (1, 0): -5, (6, 5): -5, (3, 5): 0, (0, 1): -5, (4, 6): -5, (5, 2): 0, (6, 1): -5, (1, 5): 0, (0, 2): -5, (2, 0): -5, (6, 2): -5, (4, 3): 0, (2, 3): -5, (3, 4): -5, (2, 4): -5}","{(1, 3): 0, (6, 6): -5, (5, 6): -5, (5, 4): -52, (2, 1): 0, (0, 0): -5, (1, 6): -5, (5, 1): 0, (0, 3): -5, (2, 5): 0, (4, 0): -5, (1, 2): 0, (3, 1): 0, (3, 3): 5, (0, 6): -5, (4, 4): -5, (6, 3): -5, (3, 0): -5, (5, 0): -5, (0, 4): -5, (5, 3): 0, (4, 1): 0, (1, 1): 0, (6, 4): -5, (3, 2): -5, (2, 6): -5, (3, 6): -5, (4, 5): -100, (2, 2): -5, (6, 0): -5, (1, 4): 0, (5, 5): -52, (0, 5): -5, (4, 2): -5, (1, 0): -5, (6, 5): -5, (3, 5): -52, (0, 1): -5, (4, 6): -5, (5, 2): 0, (6, 1): -5, (1, 5): 0, (0, 2): -5, (2, 0): -5, (6, 2): -5, (4, 3): 0, (2, 3): -5, (3, 4): -5, (2, 4): -5}","{(1, 3): -2.441996456802862, (6, 6): -5, (5, 6): -5, (5, 4): -2.4578026185035986, (2, 1): -1.4217620322613618, (0, 0): -5, (1, 6): -5, (5, 1): -2.493186474828085, (0, 3): -5, (2, 5): -5.060280110263848, (4, 0): -5, (1, 2): -1.4230472730677006, (3, 1): -2.4285008392952356, (3, 3): 5, (0, 6): -5, (4, 4): -5, (6, 3): -5, (3, 0): -5, (5, 0): -5, (0, 4): -5, (5, 3): -0.1363008869927046, (4, 1): -3.0469233125865354, (1, 1): 0, (6, 4): -5, (3, 2): -5, (2, 6): -5, (3, 6): -5, (4, 5): -100, (2, 2): -5, (6, 0): -5, (1, 4): -3.179632104224028, (5, 5): -12.352820821770134, (0, 5): -5, (4, 2): -5, (1, 0): -5, (6, 5): -5, (3, 5): -14.087805743630822, (0, 1): -5, (4, 6): -5, (5, 2): -1.5187899324526821, (6, 1): -5, (1, 5): -3.792162306447158, (0, 2): -5, (2, 0): -5, (6, 2): -5, (4, 3): 2.1298760882140924, (2, 3): -5, (3, 4): -5, (2, 4): -5}"
"(1, 1)","[(3.0, 5.0)]","[(3, 3)]",[],"[(0, 0), (0, 1), (0, 2), (0, 3), (0, 4), (0, 5), (0, 6), (1, 0), (1, 6), (2, 0), (2, 2), (2, 3), (2, 4), (2, 6), (3, 0), (3, 2), (3, 4), (3, 6), (4, 0), (4, 2), (4, 4), (4, 6), (5, 0), (5, 6), (6, 0), (6, 1), (6, 2), (6, 3), (6, 4), (6, 5), (6, 6)]","set([(1, 1), (3, 3)])","{(1, 3): 0, (6, 6): -5, (5, 6): -5, (5, 4): 0, (2, 1): 0, (0, 0): -5, (1, 6): -5, (5, 1): 0, (0, 3): -5, (2, 5): 0, (4, 0): -5, (1, 2): 0, (3, 1): 0, (3, 3): 5, (0, 6): -5, (4, 4): -5, (6, 3): -5, (3, 0): -5, (5, 0): -5, (0, 4): -5, (5, 3): 0, (4, 1): 0, (1, 1): 0, (6, 4): -5, (3, 2): -5, (2, 6): -5, (3, 6): -5, (4, 5): 0, (2, 2): -5, (6, 0): -5, (1, 4): 0, (5, 5): 0, (0, 5): -5, (4, 2): -5, (1, 0): -5, (6, 5): -5, (3, 5): -100, (0, 1): -5, (4, 6): -5, (5, 2): 0, (6, 1): -5, (1, 5): 0, (0, 2): -5, (2, 0): -5, (6, 2): -5, (4, 3): 0, (2, 3): -5, (3, 4): -5, (2, 4): -5}","{(1, 3): 0, (6, 6): -5, (5, 6): -5, (5, 4): 0, (2, 1): 0, (0, 0): -5, (1, 6): -5, (5, 1): 0, (0, 3): -5, (2, 5): -52, (4, 0): -5, (1, 2): 0, (3, 1): 0, (3, 3): 5, (0, 6): -5, (4, 4): -5, (6, 3): -5, (3, 0): -5, (5, 0): -5, (0, 4): -5, (5, 3): 0, (4, 1): 0, (1, 1): 0, (6, 4): -5, (3, 2): -5, (2, 6): -5, (3, 6): -5, (4, 5): -52, (2, 2): -5, (6, 0): -5, (1, 4): 0, (5, 5): 0, (0, 5): -5, (4, 2): -5, (1, 0): -5, (6, 5): -5, (3, 5): -100, (0, 1): -5, (4, 6): -5, (5, 2): 0, (6, 1): -5, (1, 5): 0, (0, 2): -5, (2, 0): -5, (6, 2): -5, (4, 3): 0, (2, 3): -5, (3, 4): -5, (2, 4): -5}","{(1, 3): -2.4513194997571457, (6, 6): -5, (5, 6): -5, (5, 4): -1.5516935467344681, (2, 1): -1.4217194783323697, (0, 0): -5, (1, 6): -5, (5, 1): -2.450251958415193, (0, 3): -5, (2, 5): -13.840620965559522, (4, 0): -5, (1, 2): -1.423935187614753, (3, 1): -2.42805455417541, (3, 3): 5, (0, 6): -5, (4, 4): -5, (6, 3): -5, (3, 0): -5, (5, 0): -5, (0, 4): -5, (5, 3): -0.046773150911627814, (4, 1): -3.042536543801734, (1, 1): 0, (6, 4): -5, (3, 2): -5, (2, 6): -5, (3, 6): -5, (4, 5): -13.024532511657775, (2, 2): -5, (6, 0): -5, (1, 4): -3.2713085023259327, (5, 5): -3.4653702200035013, (0, 5): -5, (4, 2): -5, (1, 0): -5, (6, 5): -5, (3, 5): -100, (0, 1): -5, (4, 6): -5, (5, 2): -1.455015612070612, (6, 1): -5, (1, 5): -4.689502889750681, (0, 2): -5, (2, 0): -5, (6, 2): -5, (4, 3): 2.138402558053277, (2, 3): -5, (3, 4): -5, (2, 4): -5}"
"(1, 1)","[(2.0, 5.0)]","[(3, 3)]",[],"[(0, 0), (0, 1), (0, 2), (0, 3), (0, 4), (0, 5), (0, 6), (1, 0), (1, 6), (2, 0), (2, 2), (2, 3), (2, 4), (2, 6), (3, 0), (3, 2), (3, 4), (3, 6), (4, 0), (4, 2), (4, 4), (4, 6), (5, 0), (5, 6), (6, 0), (6, 1), (6, 2), (6, 3), (6, 4), (6, 5), (6, 6)]","set([(1, 1), (3, 3)])","{(1, 3): 0, (6, 6): -5, (5, 6): -5, (5, 4): 0, (2, 1): 0, (0, 0): -5, (1, 6): -5, (5, 1): 0, (0, 3): -5, (2, 5): -100, (4, 0): -5, (1, 2): 0, (3, 1): 0, (3, 3): 5, (0, 6): -5, (4, 4): -5, (6, 3): -5, (3, 0): -5, (5, 0): -5, (0, 4): -5, (5, 3): 0, (4, 1): 0, (1, 1): 0, (6, 4): -5, (3, 2): -5, (2, 6): -5, (3, 6): -5, (4, 5): 0, (2, 2): -5, (6, 0): -5, (1, 4): 0, (5, 5): 0, (0, 5): -5, (4, 2): -5, (1, 0): -5, (6, 5): -5, (3, 5): 0, (0, 1): -5, (4, 6): -5, (5, 2): 0, (6, 1): -5, (1, 5): 0, (0, 2): -5, (2, 0): -5, (6, 2): -5, (4, 3): 0, (2, 3): -5, (3, 4): -5, (2, 4): -5}","{(1, 3): 0, (6, 6): -5, (5, 6): -5, (5, 4): 0, (2, 1): 0, (0, 0): -5, (1, 6): -5, (5, 1): 0, (0, 3): -5, (2, 5): -100, (4, 0): -5, (1, 2): 0, (3, 1): 0, (3, 3): 5, (0, 6): -5, (4, 4): -5, (6, 3): -5, (3, 0): -5, (5, 0): -5, (0, 4): -5, (5, 3): 0, (4, 1): 0, (1, 1): 0, (6, 4): -5, (3, 2): -5, (2, 6): -5, (3, 6): -5, (4, 5): 0, (2, 2): -5, (6, 0): -5, (1, 4): -52, (5, 5): 0, (0, 5): -5, (4, 2): -5, (1, 0): -5, (6, 5): -5, (3, 5): -52, (0, 1): -5, (4, 6): -5, (5, 2): 0, (6, 1): -5, (1, 5): -52, (0, 2): -5, (2, 0): -5, (6, 2): -5, (4, 3): 0, (2, 3): -5, (3, 4): -5, (2, 4): -5}","{(1, 3): -2.5428040823862164, (6, 6): -5, (5, 6): -5, (5, 4): -1.4595995541815623, (2, 1): -1.4217151595646245, (0, 0): -5, (1, 6): -5, (5, 1): -2.4458882842432255, (0, 3): -5, (2, 5): -100, (4, 0): -5, (1, 2): -1.4326480164957056, (3, 1): -2.428009213785619, (3, 3): 5, (0, 6): -5, (4, 4): -5, (6, 3): -5, (3, 0): -5, (5, 0): -5, (0, 4): -5, (5, 3): -0.03767384515437844, (4, 1): -3.0420907232163854, (1, 1): 0, (6, 4): -5, (3, 2): -5, (2, 6): -5, (3, 6): -5, (4, 5): -4.18462723648525, (2, 2): -5, (6, 0): -5, (1, 4): -4.170906564685794, (5, 5): -2.5620784806344568, (0, 5): -5, (4, 2): -5, (1, 0): -5, (6, 5): -5, (3, 5): -13.504037083021053, (0, 1): -5, (4, 6): -5, (5, 2): -1.4485338139099684, (6, 1): -5, (1, 5): -13.494890106286707, (0, 2): -5, (2, 0): -5, (6, 2): -5, (4, 3): 2.1392691593897535, (2, 3): -5, (3, 4): -5, (2, 4): -5}"
"(1, 1)","[(1.0, 5.0)]","[(3, 3)]",[],"[(0, 0), (0, 1), (0, 2), (0, 3), (0, 4), (0, 5), (0, 6), (1, 0), (1, 6), (2, 0), (2, 2), (2, 3), (2, 4), (2, 6), (3, 0), (3, 2), (3, 4), (3, 6), (4, 0), (4, 2), (4, 4), (4, 6), (5, 0), (5, 6), (6, 0), (6, 1), (6, 2), (6, 3), (6, 4), (6, 5), (6, 6)]","set([(1, 1), (3, 3)])","{(1, 3): 0, (6, 6): -5, (5, 6): -5, (5, 4): 0, (2, 1): 0, (0, 0): -5, (1, 6): -5, (5, 1): 0, (0, 3): -5, (2, 5): 0, (4, 0): -5, (1, 2): 0, (3, 1): 0, (3, 3): 5, (0, 6): -5, (4, 4): -5, (6, 3): -5, (3, 0): -5, (5, 0): -5, (0, 4): -5, (5, 3): 0, (4, 1): 0, (1, 1): 0, (6, 4): -5, (3, 2): -5, (2, 6): -5, (3, 6): -5, (4, 5): 0, (2, 2): -5, (6, 0): -5, (1, 4): 0, (5, 5): 0, (0, 5): -5, (4, 2): -5, (1, 0): -5, (6, 5): -5, (3, 5): 0, (0, 1): -5, (4, 6): -5, (5, 2): 0, (6, 1): -5, (1, 5): -100, (0, 2): -5, (2, 0): -5, (6, 2): -5, (4, 3): 0, (2, 3): -5, (3, 4): -5, (2, 4): -5}","{(1, 3): 0, (6, 6): -5, (5, 6): -5, (5, 4): 0, (2, 1): 0, (0, 0): -5, (1, 6): -5, (5, 1): 0, (0, 3): -5, (2, 5): -52, (4, 0): -5, (1, 2): 0, (3, 1): 0, (3, 3): 5, (0, 6): -5, (4, 4): -5, (6, 3): -5, (3, 0): -5, (5, 0): -5, (0, 4): -5, (5, 3): 0, (4, 1): 0, (1, 1): 0, (6, 4): -5, (3, 2): -5, (2, 6): -5, (3, 6): -5, (4, 5): 0, (2, 2): -5, (6, 0): -5, (1, 4): -52, (5, 5): 0, (0, 5): -5, (4, 2): -5, (1, 0): -5, (6, 5): -5, (3, 5): 0, (0, 1): -5, (4, 6): -5, (5, 2): 0, (6, 1): -5, (1, 5): -100, (0, 2): -5, (2, 0): -5, (6, 2): -5, (4, 3): 0, (2, 3): -5, (3, 4): -5, (2, 4): -5}","{(1, 3): -3.4415584440268603, (6, 6): -5, (5, 6): -5, (5, 4): -1.4502247312851373, (2, 1): -1.421714719610823, (0, 0): -5, (1, 6): -5, (5, 1): -2.4454440680646305, (0, 3): -5, (2, 5): -13.847003174356011, (4, 0): -5, (1, 2): -1.5182436622446478, (3, 1): -2.428004597017109, (3, 3): 5, (0, 6): -5, (4, 4): -5, (6, 3): -5, (3, 0): -5, (5, 0): -5, (0, 4): -5, (5, 3): -0.03674756841942306, (4, 1): -3.042045336407358, (1, 1): 0, (6, 4): -5, (3, 2): -5, (2, 6): -5, (3, 6): -5, (4, 5): -3.2847584835218977, (2, 2): -5, (6, 0): -5, (1, 4): -13.008658011321435, (5, 5): -2.4701268095083124, (0, 5): -5, (4, 2): -5, (1, 0): -5, (6, 5): -5, (3, 5): -4.699077148495581, (0, 1): -5, (4, 6): -5, (5, 2): -1.4478739861784056, (6, 1): -5, (1, 5): -100, (0, 2): -5, (2, 0): -5, (6, 2): -5, (4, 3): 2.139357376682612, (2, 3): -5, (3, 4): -5, (2, 4): -5}"
"(1, 1)","[(1.0, 4.0)]","[(3, 3)]",[],"[(0, 0), (0, 1), (0, 2), (0, 3), (0, 4), (0, 5), (0, 6), (1, 0), (1, 6), (2, 0), (2, 2), (2, 3), (2, 4), (2, 6), (3, 0), (3, 2), (3, 4), (3, 6), (4, 0), (4, 2), (4, 4), (4, 6), (5, 0), (5, 6), (6, 0), (6, 1), (6, 2), (6, 3), (6, 4), (6, 5), (6, 6)]","set([(1, 1), (3, 3)])","{(1, 3): 0, (6, 6): -5, (5, 6): -5, (5, 4): 0, (2, 1): 0, (0, 0): -5, (1, 6): -5, (5, 1): 0, (0, 3): -5, (2, 5): 0, (4, 0): -5, (1, 2): 0, (3, 1): 0, (3, 3): 5, (0, 6): -5, (4, 4): -5, (6, 3): -5, (3, 0): -5, (5, 0): -5, (0, 4): -5, (5, 3): 0, (4, 1): 0, (1, 1): 0, (6, 4): -5, (3, 2): -5, (2, 6): -5, (3, 6): -5, (4, 5): 0, (2, 2): -5, (6, 0): -5, (1, 4): -100, (5, 5): 0, (0, 5): -5, (4, 2): -5, (1, 0): -5, (6, 5): -5, (3, 5): 0, (0, 1): -5, (4, 6): -5, (5, 2): 0, (6, 1): -5, (1, 5): 0, (0, 2): -5, (2, 0): -5, (6, 2): -5, (4, 3): 0, (2, 3): -5, (3, 4): -5, (2, 4): -5}","{(1, 3): -52, (6, 6): -5, (5, 6): -5, (5, 4): 0, (2, 1): 0, (0, 0): -5, (1, 6): -5, (5, 1): 0, (0, 3): -5, (2, 5): -52, (4, 0): -5, (1, 2): 0, (3, 1): 0, (3, 3): 5, (0, 6): -5, (4, 4): -5, (6, 3): -5, (3, 0): -5, (5, 0): -5, (0, 4): -5, (5, 3): 0, (4, 1): 0, (1, 1): 0, (6, 4): -5, (3, 2): -5, (2, 6): -5, (3, 6): -5, (4, 5): 0, (2, 2): -5, (6, 0): -5, (1, 4): -100, (5, 5): 0, (0, 5): -5, (4, 2): -5, (1, 0): -5, (6, 5): -5, (3, 5): 0, (0, 1): -5, (4, 6): -5, (5, 2): 0, (6, 1): -5, (1, 5): -52, (0, 2): -5, (2, 0): -5, (6, 2): -5, (4, 3): 0, (2, 3): -5, (3, 4): -5, (2, 4): -5}","{(1, 3): -12.288135593320751, (6, 6): -5, (5, 6): -5, (5, 4): -1.4492693379025006, (2, 1): -1.421714674857489, (0, 0): -5, (1, 6): -5, (5, 1): -2.44539879856267, (0, 3): -5, (2, 5): -5.067110819425284, (4, 0): -5, (1, 2): -2.3607748184749786, (3, 1): -2.428004126799525, (3, 3): 5, (0, 6): -5, (4, 4): -5, (6, 3): -5, (3, 0): -5, (5, 0): -5, (0, 4): -5, (5, 3): -0.03665317099274834, (4, 1): -3.042040711631102, (1, 1): 0, (6, 4): -5, (3, 2): -5, (2, 6): -5, (3, 6): -5, (4, 5): -3.193052422888583, (2, 2): -5, (6, 0): -5, (1, 4): -100, (5, 5): -2.4607559690798295, (0, 5): -5, (4, 2): -5, (1, 0): -5, (6, 5): -5, (3, 5): -3.8017594941126096, (0, 1): -5, (4, 6): -5, (5, 2): -1.447806742897442, (6, 1): -5, (1, 5): -14.092357130434, (0, 2): -5, (2, 0): -5, (6, 2): -5, (4, 3): 2.1393663669551692, (2, 3): -5, (3, 4): -5, (2, 4): -5}"
"(1, 1)","[(1.0, 3.0)]","[(3, 3)]",[],"[(0, 0), (0, 1), (0, 2), (0, 3), (0, 4), (0, 5), (0, 6), (1, 0), (1, 6), (2, 0), (2, 2), (2, 3), (2, 4), (2, 6), (3, 0), (3, 2), (3, 4), (3, 6), (4, 0), (4, 2), (4, 4), (4, 6), (5, 0), (5, 6), (6, 0), (6, 1), (6, 2), (6, 3), (6, 4), (6, 5), (6, 6)]","set([(1, 1), (3, 3)])","{(1, 3): -100, (6, 6): -5, (5, 6): -5, (5, 4): 0, (2, 1): 0, (0, 0): -5, (1, 6): -5, (5, 1): 0, (0, 3): -5, (2, 5): 0, (4, 0): -5, (1, 2): 0, (3, 1): 0, (3, 3): 5, (0, 6): -5, (4, 4): -5, (6, 3): -5, (3, 0): -5, (5, 0): -5, (0, 4): -5, (5, 3): 0, (4, 1): 0, (1, 1): 0, (6, 4): -5, (3, 2): -5, (2, 6): -5, (3, 6): -5, (4, 5): 0, (2, 2): -5, (6, 0): -5, (1, 4): 0, (5, 5): 0, (0, 5): -5, (4, 2): -5, (1, 0): -5, (6, 5): -5, (3, 5): 0, (0, 1): -5, (4, 6): -5, (5, 2): 0, (6, 1): -5, (1, 5): 0, (0, 2): -5, (2, 0): -5, (6, 2): -5, (4, 3): 0, (2, 3): -5, (3, 4): -5, (2, 4): -5}","{(1, 3): -100, (6, 6): -5, (5, 6): -5, (5, 4): 0, (2, 1): 0, (0, 0): -5, (1, 6): -5, (5, 1): 0, (0, 3): -5, (2, 5): 0, (4, 0): -5, (1, 2): -52, (3, 1): 0, (3, 3): 5, (0, 6): -5, (4, 4): -5, (6, 3): -5, (3, 0): -5, (5, 0): -5, (0, 4): -5, (5, 3): 0, (4, 1): 0, (1, 1): 0, (6, 4): -5, (3, 2): -5, (2, 6): -5, (3, 6): -5, (4, 5): 0, (2, 2): -5, (6, 0): -5, (1, 4): -52, (5, 5): 0, (0, 5): -5, (4, 2): -5, (1, 0): -5, (6, 5): -5, (3, 5): 0, (0, 1): -5, (4, 6): -5, (5, 2): 0, (6, 1): -5, (1, 5): 0, (0, 2): -5, (2, 0): -5, (6, 2): -5, (4, 3): 0, (2, 3): -5, (3, 4): -5, (2, 4): -5}","{(1, 3): -100, (6, 6): -5, (5, 6): -5, (5, 4): -1.4491718921057157, (2, 1): -1.4217146700984788, (0, 0): -5, (1, 6): -5, (5, 1): -2.445394175636845, (0, 3): -5, (2, 5): -4.171625179682421, (4, 0): -5, (1, 2): -10.71428571428572, (3, 1): -2.428004078080316, (3, 3): 5, (0, 6): -5, (4, 4): -5, (6, 3): -5, (3, 0): -5, (5, 0): -5, (0, 4): -5, (5, 3): -0.03664354208410192, (4, 1): -3.0420402376976226, (1, 1): 0, (6, 4): -5, (3, 2): -5, (2, 6): -5, (3, 6): -5, (4, 5): -3.1836990438566133, (2, 2): -5, (6, 0): -5, (1, 4): -14.267876693575301, (5, 5): -2.4598002056623804, (0, 5): -5, (4, 2): -5, (1, 0): -5, (6, 5): -5, (3, 5): -3.7102394966694163, (0, 1): -5, (4, 6): -5, (5, 2): -1.4477998817670958, (6, 1): -5, (1, 5): -5.330401141148258, (0, 2): -5, (2, 0): -5, (6, 2): -5, (4, 3): 2.1393672841958806, (2, 3): -5, (3, 4): -5, (2, 4): -5}"
"(1, 1)","[(1.0, 2.0)]","[(3, 3)]",[],"[(0, 0), (0, 1), (0, 2), (0, 3), (0, 4), (0, 5), (0, 6), (1, 0), (1, 6), (2, 0), (2, 2), (2, 3), (2, 4), (2, 6), (3, 0), (3, 2), (3, 4), (3, 6), (4, 0), (4, 2), (4, 4), (4, 6), (5, 0), (5, 6), (6, 0), (6, 1), (6, 2), (6, 3), (6, 4), (6, 5), (6, 6)]","set([(3, 3)])","{(1, 3): 0, (6, 6): -5, (5, 6): -5, (5, 4): 0, (2, 1): 0, (0, 0): -5, (1, 6): -5, (5, 1): 0, (0, 3): -5, (2, 5): 0, (4, 0): -5, (1, 2): -100, (3, 1): 0, (3, 3): 5, (0, 6): -5, (4, 4): -5, (6, 3): -5, (3, 0): -5, (5, 0): -5, (0, 4): -5, (5, 3): 0, (4, 1): 0, (1, 1): 0, (6, 4): -5, (3, 2): -5, (2, 6): -5, (3, 6): -5, (4, 5): 0, (2, 2): -5, (6, 0): -5, (1, 4): 0, (5, 5): 0, (0, 5): -5, (4, 2): -5, (1, 0): -5, (6, 5): -5, (3, 5): 0, (0, 1): -5, (4, 6): -5, (5, 2): 0, (6, 1): -5, (1, 5): 0, (0, 2): -5, (2, 0): -5, (6, 2): -5, (4, 3): 0, (2, 3): -5, (3, 4): -5, (2, 4): -5}","{(1, 3): -52, (6, 6): -5, (5, 6): -5, (5, 4): 0, (2, 1): -52, (0, 0): -5, (1, 6): -5, (5, 1): 0, (0, 3): -5, (2, 5): 0, (4, 0): -5, (1, 2): -100, (3, 1): 0, (3, 3): 5, (0, 6): -5, (4, 4): -5, (6, 3): -5, (3, 0): -5, (5, 0): -5, (0, 4): -5, (5, 3): 0, (4, 1): 0, (1, 1): -52, (6, 4): -5, (3, 2): -5, (2, 6): -5, (3, 6): -5, (4, 5): 0, (2, 2): -5, (6, 0): -5, (1, 4): 0, (5, 5): 0, (0, 5): -5, (4, 2): -5, (1, 0): -5, (6, 5): -5, (3, 5): 0, (0, 1): -5, (4, 6): -5, (5, 2): 0, (6, 1): -5, (1, 5): 0, (0, 2): -5, (2, 0): -5, (6, 2): -5, (4, 3): 0, (2, 3): -5, (3, 4): -5, (2, 4): -5}","{(1, 3): -14.393430069178045, (6, 6): -5, (5, 6): -5, (5, 4): -1.449273225362137, (2, 1): -5.067135268956494, (0, 0): -5, (1, 6): -5, (5, 1): -2.4608300094290088, (0, 3): -5, (2, 5): -4.080268133339282, (4, 0): -5, (1, 2): -100, (3, 1): -3.8017963481089985, (3, 3): 5, (0, 6): -5, (4, 4): -5, (6, 3): -5, (3, 0): -5, (5, 0): -5, (0, 4): -5, (5, 3): -0.03679810550289053, (4, 1): -3.193105079342341, (1, 1): -14.092370590793378, (6, 4): -5, (3, 2): -5, (2, 6): -5, (3, 6): -5, (4, 5): -3.1828014555461874, (2, 2): -5, (6, 0): -5, (1, 4): -5.518763862562487, (5, 5): -2.4597822754635175, (0, 5): -5, (4, 2): -5, (1, 0): -5, (6, 5): -5, (3, 5): -3.700940407594378, (0, 1): -5, (4, 6): -5, (5, 2): -1.449372997027084, (6, 1): -5, (1, 5): -4.436246992078304, (0, 2): -5, (2, 0): -5, (6, 2): -5, (4, 3): 2.139352564379204, (2, 3): -5, (3, 4): -5, (2, 4): -5}"
"(2, 1)","[(1.0, 1.0)]","[(3, 3)]",[],"[(0, 0), (0, 1), (0, 2), (0, 3), (0, 4), (0, 5), (0, 6), (1, 0), (1, 6), (2, 0), (2, 2), (2, 3), (2, 4), (2, 6), (3, 0), (3, 2), (3, 4), (3, 6), (4, 0), (4, 2), (4, 4), (4, 6), (5, 0), (5, 6), (6, 0), (6, 1), (6, 2), (6, 3), (6, 4), (6, 5), (6, 6)]","set([(3, 3)])","{(1, 3): 0, (6, 6): -5, (5, 6): -5, (5, 4): 0, (2, 1): 0, (0, 0): -5, (1, 6): -5, (5, 1): 0, (0, 3): -5, (2, 5): 0, (4, 0): -5, (1, 2): 0, (3, 1): 0, (3, 3): 5, (0, 6): -5, (4, 4): -5, (6, 3): -5, (3, 0): -5, (5, 0): -5, (0, 4): -5, (5, 3): 0, (4, 1): 0, (1, 1): -100, (6, 4): -5, (3, 2): -5, (2, 6): -5, (3, 6): -5, (4, 5): 0, (2, 2): -5, (6, 0): -5, (1, 4): 0, (5, 5): 0, (0, 5): -5, (4, 2): -5, (1, 0): -5, (6, 5): -5, (3, 5): 0, (0, 1): -5, (4, 6): -5, (5, 2): 0, (6, 1): -5, (1, 5): 0, (0, 2): -5, (2, 0): -5, (6, 2): -5, (4, 3): 0, (2, 3): -5, (3, 4): -5, (2, 4): -5}","{(1, 3): 0, (6, 6): -5, (5, 6): -5, (5, 4): 0, (2, 1): -52, (0, 0): -5, (1, 6): -5, (5, 1): 0, (0, 3): -5, (2, 5): 0, (4, 0): -5, (1, 2): -52, (3, 1): 0, (3, 3): 5, (0, 6): -5, (4, 4): -5, (6, 3): -5, (3, 0): -5, (5, 0): -5, (0, 4): -5, (5, 3): 0, (4, 1): 0, (1, 1): -100, (6, 4): -5, (3, 2): -5, (2, 6): -5, (3, 6): -5, (4, 5): 0, (2, 2): -5, (6, 0): -5, (1, 4): 0, (5, 5): 0, (0, 5): -5, (4, 2): -5, (1, 0): -5, (6, 5): -5, (3, 5): 0, (0, 1): -5, (4, 6): -5, (5, 2): 0, (6, 1): -5, (1, 5): 0, (0, 2): -5, (2, 0): -5, (6, 2): -5, (4, 3): 0, (2, 3): -5, (3, 4): -5, (2, 4): -5}","{(1, 3): -5.653475990243693, (6, 6): -5, (5, 6): -5, (5, 4): -1.449339764822207, (2, 1): -13.847026481952184, (0, 0): -5, (1, 6): -5, (5, 1): -2.4702008144437837, (0, 3): -5, (2, 5): -4.0709557502382, (4, 0): -5, (1, 2): -14.483179121496377, (3, 1): -4.69911390336031, (3, 3): 5, (0, 6): -5, (4, 4): -5, (6, 3): -5, (3, 0): -5, (5, 0): -5, (0, 4): -5, (5, 3): -0.03689243313053858, (4, 1): -3.284811110833105, (1, 1): -100, (6, 4): -5, (3, 2): -5, (2, 6): -5, (3, 6): -5, (4, 5): -3.1827385769244287, (2, 2): -5, (6, 0): -5, (1, 4): -4.625533969790144, (5, 5): -2.4598206466152277, (0, 5): -5, (4, 2): -5, (1, 0): -5, (6, 5): -5, (3, 5): -3.700011590319891, (0, 1): -5, (4, 6): -5, (5, 2): -1.450328339982266, (6, 1): -5, (1, 5): -4.344969017225502, (0, 2): -5, (2, 0): -5, (6, 2): -5, (4, 3): 2.1393435807820063, (2, 3): -5, (3, 4): -5, (2, 4): -5}"
"(3, 1)","[(2.0, 1.0)]","[(3, 3)]",[],"[(0, 0), (0, 1), (0, 2), (0, 3), (0, 4), (0, 5), (0, 6), (1, 0), (1, 6), (2, 0), (2, 2), (2, 3), (2, 4), (2, 6), (3, 0), (3, 2), (3, 4), (3, 6), (4, 0), (4, 2), (4, 4), (4, 6), (5, 0), (5, 6), (6, 0), (6, 1), (6, 2), (6, 3), (6, 4), (6, 5), (6, 6)]","set([(3, 3)])","{(1, 3): 0, (6, 6): -5, (5, 6): -5, (5, 4): 0, (2, 1): -100, (0, 0): -5, (1, 6): -5, (5, 1): 0, (0, 3): -5, (2, 5): 0, (4, 0): -5, (1, 2): 0, (3, 1): 0, (3, 3): 5, (0, 6): -5, (4, 4): -5, (6, 3): -5, (3, 0): -5, (5, 0): -5, (0, 4): -5, (5, 3): 0, (4, 1): 0, (1, 1): 0, (6, 4): -5, (3, 2): -5, (2, 6): -5, (3, 6): -5, (4, 5): 0, (2, 2): -5, (6, 0): -5, (1, 4): 0, (5, 5): 0, (0, 5): -5, (4, 2): -5, (1, 0): -5, (6, 5): -5, (3, 5): 0, (0, 1): -5, (4, 6): -5, (5, 2): 0, (6, 1): -5, (1, 5): 0, (0, 2): -5, (2, 0): -5, (6, 2): -5, (4, 3): 0, (2, 3): -5, (3, 4): -5, (2, 4): -5}","{(1, 3): 0, (6, 6): -5, (5, 6): -5, (5, 4): 0, (2, 1): -100, (0, 0): -5, (1, 6): -5, (5, 1): 0, (0, 3): -5, (2, 5): 0, (4, 0): -5, (1, 2): -52, (3, 1): -52, (3, 3): 5, (0, 6): -5, (4, 4): -5, (6, 3): -5, (3, 0): -5, (5, 0): -5, (0, 4): -5, (5, 3): 0, (4, 1): 0, (1, 1): -52, (6, 4): -5, (3, 2): -5, (2, 6): -5, (3, 6): -5, (4, 5): 0, (2, 2): -5, (6, 0): -5, (1, 4): 0, (5, 5): 0, (0, 5): -5, (4, 2): -5, (1, 0): -5, (6, 5): -5, (3, 5): 0, (0, 1): -5, (4, 6): -5, (5, 2): 0, (6, 1): -5, (1, 5): 0, (0, 2): -5, (2, 0): -5, (6, 2): -5, (4, 3): 0, (2, 3): -5, (3, 4): -5, (2, 4): -5}","{(1, 3): -4.760966599658071, (6, 6): -5, (5, 6): -5, (5, 4): -1.4500025446651936, (2, 1): -100, (0, 0): -5, (1, 6): -5, (5, 1): -2.562152614661933, (0, 3): -5, (2, 5): -4.070176550314107, (4, 0): -5, (1, 2): -5.749797033621175, (3, 1): -13.50407163680373, (3, 3): 5, (0, 6): -5, (4, 4): -5, (6, 3): -5, (3, 0): -5, (5, 0): -5, (0, 4): -5, (5, 3): -0.037819000089310384, (4, 1): -4.184679752783071, (1, 1): -14.547250594082696, (6, 4): -5, (3, 2): -5, (2, 6): -5, (3, 6): -5, (4, 5): -3.1830678977540123, (2, 2): -5, (6, 0): -5, (1, 4): -4.534400060773992, (5, 5): -2.4602938638912275, (0, 5): -5, (4, 2): -5, (1, 0): -5, (6, 5): -5, (3, 5): -3.7001569291588896, (0, 1): -5, (4, 6): -5, (5, 2): -1.4597033667818486, (6, 1): -5, (1, 5): -4.335770081847114, (0, 2): -5, (2, 0): -5, (6, 2): -5, (4, 3): 2.139255336215418, (2, 3): -5, (3, 4): -5, (2, 4): -5}"
"(4, 1)","[(3.0, 1.0)]","[(3, 3)]",[],"[(0, 0), (0, 1), (0, 2), (0, 3), (0, 4), (0, 5), (0, 6), (1, 0), (1, 6), (2, 0), (2, 2), (2, 3), (2, 4), (2, 6), (3, 0), (3, 2), (3, 4), (3, 6), (4, 0), (4, 2), (4, 4), (4, 6), (5, 0), (5, 6), (6, 0), (6, 1), (6, 2), (6, 3), (6, 4), (6, 5), (6, 6)]","set([(1, 1), (3, 3)])","{(1, 3): 0, (6, 6): -5, (5, 6): -5, (5, 4): 0, (2, 1): 0, (0, 0): -5, (1, 6): -5, (5, 1): 0, (0, 3): -5, (2, 5): 0, (4, 0): -5, (1, 2): 0, (3, 1): -100, (3, 3): 5, (0, 6): -5, (4, 4): -5, (6, 3): -5, (3, 0): -5, (5, 0): -5, (0, 4): -5, (5, 3): 0, (4, 1): 0, (1, 1): 0, (6, 4): -5, (3, 2): -5, (2, 6): -5, (3, 6): -5, (4, 5): 0, (2, 2): -5, (6, 0): -5, (1, 4): 0, (5, 5): 0, (0, 5): -5, (4, 2): -5, (1, 0): -5, (6, 5): -5, (3, 5): 0, (0, 1): -5, (4, 6): -5, (5, 2): 0, (6, 1): -5, (1, 5): 0, (0, 2): -5, (2, 0): -5, (6, 2): -5, (4, 3): 0, (2, 3): -5, (3, 4): -5, (2, 4): -5}","{(1, 3): 0, (6, 6): -5, (5, 6): -5, (5, 4): 0, (2, 1): -52, (0, 0): -5, (1, 6): -5, (5, 1): 0, (0, 3): -5, (2, 5): 0, (4, 0): -5, (1, 2): 0, (3, 1): -100, (3, 3): 5, (0, 6): -5, (4, 4): -5, (6, 3): -5, (3, 0): -5, (5, 0): -5, (0, 4): -5, (5, 3): 0, (4, 1): -52, (1, 1): 0, (6, 4): -5, (3, 2): -5, (2, 6): -5, (3, 6): -5, (4, 5): 0, (2, 2): -5, (6, 0): -5, (1, 4): 0, (5, 5): 0, (0, 5): -5, (4, 2): -5, (1, 0): -5, (6, 5): -5, (3, 5): 0, (0, 1): -5, (4, 6): -5, (5, 2): 0, (6, 1): -5, (1, 5): 0, (0, 2): -5, (2, 0): -5, (6, 2): -5, (4, 3): 0, (2, 3): -5, (3, 4): -5, (2, 4): -5}","{(1, 3): -2.4408686019083703, (6, 6): -5, (5, 6): -5, (5, 4): -1.4565063870112014, (2, 1): -10.71428571428572, (0, 0): -5, (1, 6): -5, (5, 1): -3.4654451227804497, (0, 3): -5, (2, 5): -3.998121642959251, (4, 0): -5, (1, 2): -1.4229398466795429, (3, 1): -100, (3, 3): 5, (0, 6): -5, (4, 4): -5, (6, 3): -5, (3, 0): -5, (5, 0): -5, (0, 4): -5, (5, 3): -0.04692048062352461, (4, 1): -13.024582297895364, (1, 1): 0, (6, 4): -5, (3, 2): -5, (2, 6): -5, (3, 6): -5, (4, 5): -3.1856303852935812, (2, 2): -5, (6, 0): -5, (1, 4): -3.1685419118378166, (5, 5): -2.4648738090477966, (0, 5): -5, (4, 2): -5, (1, 0): -5, (6, 5): -5, (3, 5): -3.6950030703185206, (0, 1): -5, (4, 6): -5, (5, 2): -1.5517988827054348, (6, 1): -5, (1, 5): -3.683610820055544, (0, 2): -5, (2, 0): -5, (6, 2): -5, (4, 3): 2.1383885280924466, (2, 3): -5, (3, 4): -5, (2, 4): -5}"
"(5, 1)","[(4.0, 1.0)]","[(3, 3)]",[],"[(0, 0), (0, 1), (0, 2), (0, 3), (0, 4), (0, 5), (0, 6), (1, 0), (1, 6), (2, 0), (2, 2), (2, 3), (2, 4), (2, 6), (3, 0), (3, 2), (3, 4), (3, 6), (4, 0), (4, 2), (4, 4), (4, 6), (5, 0), (5, 6), (6, 0), (6, 1), (6, 2), (6, 3), (6, 4), (6, 5), (6, 6)]","set([(1, 1), (3, 3)])","{(1, 3): 0, (6, 6): -5, (5, 6): -5, (5, 4): 0, (2, 1): 0, (0, 0): -5, (1, 6): -5, (5, 1): 0, (0, 3): -5, (2, 5): 0, (4, 0): -5, (1, 2): 0, (3, 1): 0, (3, 3): 5, (0, 6): -5, (4, 4): -5, (6, 3): -5, (3, 0): -5, (5, 0): -5, (0, 4): -5, (5, 3): 0, (4, 1): -100, (1, 1): 0, (6, 4): -5, (3, 2): -5, (2, 6): -5, (3, 6): -5, (4, 5): 0, (2, 2): -5, (6, 0): -5, (1, 4): 0, (5, 5): 0, (0, 5): -5, (4, 2): -5, (1, 0): -5, (6, 5): -5, (3, 5): 0, (0, 1): -5, (4, 6): -5, (5, 2): 0, (6, 1): -5, (1, 5): 0, (0, 2): -5, (2, 0): -5, (6, 2): -5, (4, 3): 0, (2, 3): -5, (3, 4): -5, (2, 4): -5}","{(1, 3): 0, (6, 6): -5, (5, 6): -5, (5, 4): 0, (2, 1): 0, (0, 0): -5, (1, 6): -5, (5, 1): -52, (0, 3): -5, (2, 5): 0, (4, 0): -5, (1, 2): 0, (3, 1): -52, (3, 3): 5, (0, 6): -5, (4, 4): -5, (6, 3): -5, (3, 0): -5, (5, 0): -5, (0, 4): -5, (5, 3): 0, (4, 1): -100, (1, 1): 0, (6, 4): -5, (3, 2): -5, (2, 6): -5, (3, 6): -5, (4, 5): 0, (2, 2): -5, (6, 0): -5, (1, 4): 0, (5, 5): 0, (0, 5): -5, (4, 2): -5, (1, 0): -5, (6, 5): -5, (3, 5): 0, (0, 1): -5, (4, 6): -5, (5, 2): -52, (6, 1): -5, (1, 5): 0, (0, 2): -5, (2, 0): -5, (6, 2): -5, (4, 3): 0, (2, 3): -5, (3, 4): -5, (2, 4): -5}","{(1, 3): -2.440871008974601, (6, 6): -5, (5, 6): -5, (5, 4): -1.5205747784956958, (2, 1): -2.3607748184749786, (0, 0): -5, (1, 6): -5, (5, 1): -12.352904535076899, (0, 3): -5, (2, 5): -4.000367681335886, (4, 0): -5, (1, 2): -1.422940080094506, (3, 1): -12.288135593320751, (3, 3): 5, (0, 6): -5, (4, 4): -5, (6, 3): -5, (3, 0): -5, (5, 0): -5, (0, 4): -5, (5, 3): -0.1364771971194999, (4, 1): -100, (1, 1): 0, (6, 4): -5, (3, 2): -5, (2, 6): -5, (3, 6): -5, (4, 5): -3.2182705525188324, (2, 2): -5, (6, 0): -5, (1, 4): -3.1685654195543203, (5, 5): -2.510694676309538, (0, 5): -5, (4, 2): -5, (1, 0): -5, (6, 5): -5, (3, 5): -3.7169774362721935, (0, 1): -5, (4, 6): -5, (5, 2): -2.4579281137571165, (6, 1): -5, (1, 5): -3.683840470491722, (0, 2): -5, (2, 0): -5, (6, 2): -5, (4, 3): 2.129859311375938, (2, 3): -5, (3, 4): -5, (2, 4): -5}"
"(5, 2)","[(5.0, 1.0)]","[(3, 3)]",[],"[(0, 0), (0, 1), (0, 2), (0, 3), (0, 4), (0, 5), (0, 6), (1, 0), (1, 6), (2, 0), (2, 2), (2, 3), (2, 4), (2, 6), (3, 0), (3, 2), (3, 4), (3, 6), (4, 0), (4, 2), (4, 4), (4, 6), (5, 0), (5, 6), (6, 0), (6, 1), (6, 2), (6, 3), (6, 4), (6, 5), (6, 6)]","set([(1, 1), (3, 3)])","{(1, 3): 0, (6, 6): -5, (5, 6): -5, (5, 4): 0, (2, 1): 0, (0, 0): -5, (1, 6): -5, (5, 1): -100, (0, 3): -5, (2, 5): 0, (4, 0): -5, (1, 2): 0, (3, 1): 0, (3, 3): 5, (0, 6): -5, (4, 4): -5, (6, 3): -5, (3, 0): -5, (5, 0): -5, (0, 4): -5, (5, 3): 0, (4, 1): 0, (1, 1): 0, (6, 4): -5, (3, 2): -5, (2, 6): -5, (3, 6): -5, (4, 5): 0, (2, 2): -5, (6, 0): -5, (1, 4): 0, (5, 5): 0, (0, 5): -5, (4, 2): -5, (1, 0): -5, (6, 5): -5, (3, 5): 0, (0, 1): -5, (4, 6): -5, (5, 2): 0, (6, 1): -5, (1, 5): 0, (0, 2): -5, (2, 0): -5, (6, 2): -5, (4, 3): 0, (2, 3): -5, (3, 4): -5, (2, 4): -5}","{(1, 3): 0, (6, 6): -5, (5, 6): -5, (5, 4): 0, (2, 1): 0, (0, 0): -5, (1, 6): -5, (5, 1): -100, (0, 3): -5, (2, 5): 0, (4, 0): -5, (1, 2): 0, (3, 1): 0, (3, 3): 5, (0, 6): -5, (4, 4): -5, (6, 3): -5, (3, 0): -5, (5, 0): -5, (0, 4): -5, (5, 3): 0, (4, 1): -52, (1, 1): 0, (6, 4): -5, (3, 2): -5, (2, 6): -5, (3, 6): -5, (4, 5): 0, (2, 2): -5, (6, 0): -5, (1, 4): 0, (5, 5): 0, (0, 5): -5, (4, 2): -5, (1, 0): -5, (6, 5): -5, (3, 5): 0, (0, 1): -5, (4, 6): -5, (5, 2): -52, (6, 1): -5, (1, 5): 0, (0, 2): -5, (2, 0): -5, (6, 2): -5, (4, 3): 0, (2, 3): -5, (3, 4): -5, (2, 4): -5}","{(1, 3): -2.440894506934957, (6, 6): -5, (5, 6): -5, (5, 4): -2.1524093635344235, (2, 1): -1.5182436622446478, (0, 0): -5, (1, 6): -5, (5, 1): -100, (0, 3): -5, (2, 5): -4.02251476766182, (4, 0): -5, (1, 2): -1.4229423151789329, (3, 1): -3.4415584440268603, (3, 3): 5, (0, 6): -5, (4, 4): -5, (6, 3): -5, (3, 0): -5, (5, 0): -5, (0, 4): -5, (5, 3): -1.019674918061309, (4, 1): -13.008658011321435, (1, 1): 0, (6, 4): -5, (3, 2): -5, (2, 6): -5, (3, 6): -5, (4, 5): -3.5401616815087635, (2, 2): -5, (6, 0): -5, (1, 4): -3.1687966080715713, (5, 5): -2.9625740107854317, (0, 5): -5, (4, 2): -5, (1, 0): -5, (6, 5): -5, (3, 5): -3.93368038255803, (0, 1): -5, (4, 6): -5, (5, 2): -11.394068977278422, (6, 1): -5, (1, 5): -3.686103770050179, (0, 2): -5, (2, 0): -5, (6, 2): -5, (4, 3): 2.0457452481438994, (2, 3): -5, (3, 4): -5, (2, 4): -5}"
"(5, 3)","[(5.0, 2.0)]","[(3, 3)]",[],"[(0, 0), (0, 1), (0, 2), (0, 3), (0, 4), (0, 5), (0, 6), (1, 0), (1, 6), (2, 0), (2, 2), (2, 3), (2, 4), (2, 6), (3, 0), (3, 2), (3, 4), (3, 6), (4, 0), (4, 2), (4, 4), (4, 6), (5, 0), (5, 6), (6, 0), (6, 1), (6, 2), (6, 3), (6, 4), (6, 5), (6, 6)]","set([(1, 1), (3, 3)])","{(1, 3): 0, (6, 6): -5, (5, 6): -5, (5, 4): 0, (2, 1): 0, (0, 0): -5, (1, 6): -5, (5, 1): 0, (0, 3): -5, (2, 5): 0, (4, 0): -5, (1, 2): 0, (3, 1): 0, (3, 3): 5, (0, 6): -5, (4, 4): -5, (6, 3): -5, (3, 0): -5, (5, 0): -5, (0, 4): -5, (5, 3): 0, (4, 1): 0, (1, 1): 0, (6, 4): -5, (3, 2): -5, (2, 6): -5, (3, 6): -5, (4, 5): 0, (2, 2): -5, (6, 0): -5, (1, 4): 0, (5, 5): 0, (0, 5): -5, (4, 2): -5, (1, 0): -5, (6, 5): -5, (3, 5): 0, (0, 1): -5, (4, 6): -5, (5, 2): -100, (6, 1): -5, (1, 5): 0, (0, 2): -5, (2, 0): -5, (6, 2): -5, (4, 3): 0, (2, 3): -5, (3, 4): -5, (2, 4): -5}","{(1, 3): 0, (6, 6): -5, (5, 6): -5, (5, 4): 0, (2, 1): 0, (0, 0): -5, (1, 6): -5, (5, 1): -52, (0, 3): -5, (2, 5): 0, (4, 0): -5, (1, 2): 0, (3, 1): 0, (3, 3): 5, (0, 6): -5, (4, 4): -5, (6, 3): -5, (3, 0): -5, (5, 0): -5, (0, 4): -5, (5, 3): -52, (4, 1): -52, (1, 1): 0, (6, 4): -5, (3, 2): -5, (2, 6): -5, (3, 6): -5, (4, 5): 0, (2, 2): -5, (6, 0): -5, (1, 4): 0, (5, 5): 0, (0, 5): -5, (4, 2): -5, (1, 0): -5, (6, 5): -5, (3, 5): 0, (0, 1): -5, (4, 6): -5, (5, 2): -100, (6, 1): -5, (1, 5): 0, (0, 2): -5, (2, 0): -5, (6, 2): -5, (4, 3): -52, (2, 3): -5, (3, 4): -5, (2, 4): -5}","{(1, 3): -2.440937450496723, (6, 6): -5, (5, 6): -5, (5, 4): -5.230633798202544, (2, 1): -1.4326480164957056, (0, 0): -5, (1, 6): -5, (5, 1): -13.494890106286707, (0, 3): -5, (2, 5): -4.0630339682585515, (4, 0): -5, (1, 2): -1.4229463911633262, (3, 1): -2.5428040823862164, (3, 3): 5, (0, 6): -5, (4, 4): -5, (6, 3): -5, (3, 0): -5, (5, 0): -5, (0, 4): -5, (5, 3): -9.482825343726494, (4, 1): -4.170906564685794, (1, 1): 0, (6, 4): -5, (3, 2): -5, (2, 6): -5, (3, 6): -5, (4, 5): -4.525392279478074, (2, 2): -5, (6, 0): -5, (1, 4): -3.1692194584493065, (5, 5): -4.705558639513794, (0, 5): -5, (4, 2): -5, (1, 0): -5, (6, 5): -5, (3, 5): -4.330154033870791, (0, 1): -5, (4, 6): -5, (5, 2): -100, (6, 1): -5, (1, 5): -3.6902443601322243, (0, 2): -5, (2, 0): -5, (6, 2): -5, (4, 3): 1.2397316621857408, (2, 3): -5, (3, 4): -5, (2, 4): -5}"
"(4, 3)","[(5.0, 3.0)]","[(3, 3)]",[],"[(0, 0), (0, 1), (0, 2), (0, 3), (0, 4), (0, 5), (0, 6), (1, 0), (1, 6), (2, 0), (2, 2), (2, 3), (2, 4), (2, 6), (3, 0), (3, 2), (3, 4), (3, 6), (4, 0), (4, 2), (4, 4), (4, 6), (5, 0), (5, 6), (6, 0), (6, 1), (6, 2), (6, 3), (6, 4), (6, 5), (6, 6)]","set([(1, 1), (3, 3)])","{(1, 3): 0, (6, 6): -5, (5, 6): -5, (5, 4): 0, (2, 1): 0, (0, 0): -5, (1, 6): -5, (5, 1): 0, (0, 3): -5, (2, 5): 0, (4, 0): -5, (1, 2): 0, (3, 1): 0, (3, 3): 5, (0, 6): -5, (4, 4): -5, (6, 3): -5, (3, 0): -5, (5, 0): -5, (0, 4): -5, (5, 3): -100, (4, 1): 0, (1, 1): 0, (6, 4): -5, (3, 2): -5, (2, 6): -5, (3, 6): -5, (4, 5): 0, (2, 2): -5, (6, 0): -5, (1, 4): 0, (5, 5): 0, (0, 5): -5, (4, 2): -5, (1, 0): -5, (6, 5): -5, (3, 5): 0, (0, 1): -5, (4, 6): -5, (5, 2): 0, (6, 1): -5, (1, 5): 0, (0, 2): -5, (2, 0): -5, (6, 2): -5, (4, 3): 0, (2, 3): -5, (3, 4): -5, (2, 4): -5}","{(1, 3): 0, (6, 6): -5, (5, 6): -5, (5, 4): -52, (2, 1): 0, (0, 0): -5, (1, 6): -5, (5, 1): 0, (0, 3): -5, (2, 5): 0, (4, 0): -5, (1, 2): 0, (3, 1): 0, (3, 3): 5, (0, 6): -5, (4, 4): -5, (6, 3): -5, (3, 0): -5, (5, 0): -5, (0, 4): -5, (5, 3): -100, (4, 1): 0, (1, 1): 0, (6, 4): -5, (3, 2): -5, (2, 6): -5, (3, 6): -5, (4, 5): 0, (2, 2): -5, (6, 0): -5, (1, 4): 0, (5, 5): 0, (0, 5): -5, (4, 2): -5, (1, 0): -5, (6, 5): -5, (3, 5): 0, (0, 1): -5, (4, 6): -5, (5, 2): -52, (6, 1): -5, (1, 5): 0, (0, 2): -5, (2, 0): -5, (6, 2): -5, (4, 3): -52, (2, 3): -5, (3, 4): -5, (2, 4): -5}","{(1, 3): -2.4409385460966426, (6, 6): -5, (5, 6): -5, (5, 4): -14.481630907739854, (2, 1): -1.423935187614753, (0, 0): -5, (1, 6): -5, (5, 1): -4.689502889750681, (0, 3): -5, (2, 5): -4.064043607610146, (4, 0): -5, (1, 2): -1.4229464994070988, (3, 1): -2.4513194997571457, (3, 3): 5, (0, 6): -5, (4, 4): -5, (6, 3): -5, (3, 0): -5, (5, 0): -5, (0, 4): -5, (5, 3): -100, (4, 1): -3.2713085023259327, (1, 1): 0, (6, 4): -5, (3, 2): -5, (2, 6): -5, (3, 6): -5, (4, 5): -4.622021366718212, (2, 2): -5, (6, 0): -5, (1, 4): -3.1692300647478064, (5, 5): -5.651025768836528, (0, 5): -5, (4, 2): -5, (1, 0): -5, (6, 5): -5, (3, 5): -4.340030210643658, (0, 1): -5, (4, 6): -5, (5, 2): -13.840620965559522, (6, 1): -5, (1, 5): -3.690347673065371, (0, 2): -5, (2, 0): -5, (6, 2): -5, (4, 3): -7.380952380952387, (2, 3): -5, (3, 4): -5, (2, 4): -5}"
